Lotus 1-2-3;application/vnd.lotus-1-2-3;.123
In3D - 3DML;text/vnd.in3d.3dml;.3dml
3GP2;video/3gpp2;.3g2
3GP;video/3gpp;.3gp
7-Zip;application/x-7z-compressed;.7z
Adobe (Macropedia) Authorware - Binary File;application/x-authorware-bin;.aab
Advanced Audio Coding (AAC);audio/x-aac;.aac
Adobe (Macropedia) Authorware - Map;application/x-authorware-map;.aam
Adobe (Macropedia) Authorware - Segment File;application/x-authorware-seg;.aas
AbiWord;application/x-abiword;.abw
Attribute Certificate;application/pkix-attr-cert;.ac
Active Content Compression;application/vnd.americandynamics.acc;.acc
Ace Archive;application/x-ace-compressed;.ace
ACU Cobol;application/vnd.acucobol;.acu
Adaptive differential pulse-code modulation;audio/adpcm;.adp
Audiograph;application/vnd.audiograph;.aep
MO:DCA-P;application/vnd.ibm.modcap;.afp
Ahead AIR Application;application/vnd.ahead.space;.ahead
PostScript;application/postscript;.ai
Audio Interchange File Format;audio/x-aiff;.aif
Adobe AIR Application;application/vnd.adobe.air-application-installer-package+zip;.air
Digital Video Broadcasting;application/vnd.dvb.ait;.ait
AmigaDE;application/vnd.amiga.ami;.ami
Android Package Archive;application/vnd.android.package-archive;.apk
Microsoft ClickOnce;application/x-ms-application;.application
Lotus Approach;application/vnd.lotus-approach;.apr
Microsoft Advanced Systems Format (ASF);video/x-ms-asf;.asf
Simply Accounting;application/vnd.accpac.simply.aso;.aso
ACU Cobol;application/vnd.acucorp;.atc
Atom Syndication Format;application/atom+xml;.atom
Atom Publishing Protocol;application/atomcat+xml;.atomcat
Atom Publishing Protocol Service Document;application/atomsvc+xml;.atomsvc
Antix Game Player;application/vnd.antix.game-component;.atx
Sun Audio - Au file format;audio/basic;.au
Audio Video Interleave (AVI);video/x-msvideo;.avi
Applixware;application/applixware;.aw
AirZip FileSECURE;application/vnd.airzip.filesecure.azf;.azf
AirZip FileSECURE;application/vnd.airzip.filesecure.azs;.azs
Amazon Kindle eBook format;application/vnd.amazon.ebook;.azw
Binary CPIO Archive;application/x-bcpio;.bcpio
Glyph Bitmap Distribution Format;application/x-font-bdf;.bdf
SyncML - Device Management;application/vnd.syncml.dm+wbxml;.bdm
RealVNC;application/vnd.realvnc.bed;.bed
Fujitsu Oasys;application/vnd.fujitsu.oasysprs;.bh2
Binary Data;application/octet-stream;.bin
BMI Drawing Data Interchange;application/vnd.bmi;.bmi
Bitmap Image File;image/bmp;.bmp
Preview Systems ZipLock/VBox;application/vnd.previewsystems.box;.box
BTIF;image/prs.btif;.btif
Bzip Archive;application/x-bzip;.bz
Bzip2 Archive;application/x-bzip2;.bz2
C Source File;text/x-c;.c
ClueTrust CartoMobile - Config;application/vnd.cluetrust.cartomobile-config;.c11amc
ClueTrust CartoMobile - Config Package;application/vnd.cluetrust.cartomobile-config-pkg;.c11amz
Clonk Game;application/vnd.clonk.c4group;.c4g
Microsoft Cabinet File;application/vnd.ms-cab-compressed;.cab
CURL Applet;application/vnd.curl.car;.car
Microsoft Trust UI Provider - Security Catalog;application/vnd.ms-pki.seccat;.cat
Voice Browser Call Control;application/ccxml+xml,;.ccxml
CIM Database;application/vnd.contact.cmsg;.cdbcmsg
MediaRemote;application/vnd.mediastation.cdkey;.cdkey
Cloud Data Management Interface (CDMI) - Capability;application/cdmi-capability;.cdmia
Cloud Data Management Interface (CDMI) - Contaimer;application/cdmi-container;.cdmic
Cloud Data Management Interface (CDMI) - Domain;application/cdmi-domain;.cdmid
Cloud Data Management Interface (CDMI) - Object;application/cdmi-object;.cdmio
Cloud Data Management Interface (CDMI) - Queue;application/cdmi-queue;.cdmiq
ChemDraw eXchange file;chemical/x-cdx;.cdx
CambridgeSoft Chem Draw;application/vnd.chemdraw+xml;.cdxml
Interactive Geometry Software Cinderella;application/vnd.cinderella;.cdy
Internet Public Key Infrastructure - Certificate;application/pkix-cert;.cer
Computer Graphics Metafile;image/cgm;.cgm
pIRCh;application/x-chat;.chat
Microsoft Html Help File;application/vnd.ms-htmlhelp;.chm
KDE KOffice Office Suite - KChart;application/vnd.kde.kchart;.chrt
Crystallographic Interchange Format;chemical/x-cif;.cif
ANSER-WEB Terminal Client - Certificate Issue;application/vnd.anser-web-certificate-issue-initiation;.cii
Microsoft Artgalry;application/vnd.ms-artgalry;.cil
Claymore Data Files;application/vnd.claymore;.cla
Java Bytecode File;application/java-vm;.class
CrickSoftware - Clicker - Keyboard;application/vnd.crick.clicker.keyboard;.clkk
CrickSoftware - Clicker - Palette;application/vnd.crick.clicker.palette;.clkp
CrickSoftware - Clicker - Template;application/vnd.crick.clicker.template;.clkt
CrickSoftware - Clicker - Wordbank;application/vnd.crick.clicker.wordbank;.clkw
CrickSoftware - Clicker;application/vnd.crick.clicker;.clkx
Microsoft Clipboard Clip;application/x-msclip;.clp
CosmoCaller;application/vnd.cosmocaller;.cmc
CrystalMaker Data Format;chemical/x-cmdf;.cmdf
Chemical Markup Language;chemical/x-cml;.cml
CustomMenu;application/vnd.yellowriver-custom-menu;.cmp
Corel Metafile Exchange (CMX);image/x-cmx;.cmx
Blackberry COD File;application/vnd.rim.cod;.cod
CPIO Archive;application/x-cpio;.cpio
Compact Pro;application/mac-compactpro;.cpt
Microsoft Information Card;application/x-mscardfile;.crd
Internet Public Key Infrastructure - Certificate Revocation Lists;application/pkix-crl;.crl
CryptoNote;application/vnd.rig.cryptonote;.cryptonote
C Shell Script;application/x-csh;.csh
Chemical Style Markup Language;chemical/x-csml;.csml
Sixth Floor Media - CommonSpace;application/vnd.commonspace;.csp
Cascading Style Sheets (CSS);text/css;.css
Comma-Seperated Values;text/csv;.csv
CU-SeeMe;application/cu-seeme;.cu
Curl - Applet;text/vnd.curl;.curl
CU-Writer;application/prs.cww;.cww
COLLADA;model/vnd.collada+xml;.dae
Mobius Management Systems - UniversalArchive;application/vnd.mobius.daf;.daf
Web Distributed Authoring and Versioning;application/davmount+xml;.davmount
Curl - Detached Applet;text/vnd.curl.dcurl;.dcurl
OMA Download Agents;application/vnd.oma.dd2+xml;.dd2
Fujitsu - Xerox 2D CAD Data;application/vnd.fujixerox.ddd;.ddd
Debian Package;application/x-debian-package;.deb
X.509 Certificate;application/x-x509-ca-cert;.der
DreamFactory;application/vnd.dreamfactory;.dfac
Adobe Shockwave Player;application/x-director;.dir
Mobius Management Systems - Distribution Database;application/vnd.mobius.dis;.dis
DjVu;image/vnd.djvu;.djvu
New Moon Liftoff/DNA;application/vnd.dna;.dna
Microsoft Word;application/msword;.doc
Microsoft Word - Macro-Enabled Document;application/vnd.ms-word.document.macroenabled.12;.docm
Microsoft Office - OOXML - Word Document;application/vnd.openxmlformats-officedocument.wordprocessingml.document;.docx
Microsoft Word - Macro-Enabled Template;application/vnd.ms-word.template.macroenabled.12;.dotm
Microsoft Office - OOXML - Word Document Template;application/vnd.openxmlformats-officedocument.wordprocessingml.template;.dotx
OSGi Deployment Package;application/vnd.osgi.dp;.dp
DPGraph;application/vnd.dpgraph;.dpg
DRA Audio;audio/vnd.dra;.dra
PRS Lines Tag;text/prs.lines.tag;.dsc
Data Structure for the Security Suitability of Cryptographic Algorithms;application/dssc+der;.dssc
Digital Talking Book;application/x-dtbook+xml;.dtb
Document Type Definition;application/xml-dtd;.dtd
DTS Audio;audio/vnd.dts;.dts
DTS High Definition Audio;audio/vnd.dts.hd;.dtshd
Device Independent File Format (DVI);application/x-dvi;.dvi
Autodesk Design Web Format (DWF);model/vnd.dwf;.dwf
DWG Drawing;image/vnd.dwg;.dwg
AutoCAD DXF;image/vnd.dxf;.dxf
TIBCO Spotfire;application/vnd.spotfire.dxp;.dxp
Nuera ECELP 4800;audio/vnd.nuera.ecelp4800;.ecelp4800
Nuera ECELP 7470;audio/vnd.nuera.ecelp7470;.ecelp7470
Nuera ECELP 9600;audio/vnd.nuera.ecelp9600;.ecelp9600
Novadigm's RADIA and EDM products;application/vnd.novadigm.edm;.edm
Novadigm's RADIA and EDM products;application/vnd.novadigm.edx;.edx
Pcsel eFIF File;application/vnd.picsel;.efif
Proprietary P&G Standard Reporting System;application/vnd.pg.osasli;.ei6
Email Message;message/rfc822;.eml
Extensible MultiModal Annotation;application/emma+xml;.emma
Digital Winds Music;audio/vnd.digital-winds;.eol
Microsoft Embedded OpenType;application/vnd.ms-fontobject;.eot
Electronic Publication;application/epub+zip;.epub
ECMAScript;application/ecmascript;.es
MICROSEC e-Szign«;application/vnd.eszigno3+xml;.es3
QUASS Stream Player;application/vnd.epson.esf;.esf
Setext;text/x-setext;.etx
Microsoft Application;application/x-msdownload;.exe
Efficient XML Interchange;application/exi;.exi
Novadigm's RADIA and EDM products;application/vnd.novadigm.ext;.ext
EZPix Secure Photo Album;application/vnd.ezpix-album;.ez2
EZPix Secure Photo Album;application/vnd.ezpix-package;.ez3
Fortran Source File;text/x-fortran;.f
Flash Video;video/x-f4v;.f4v
FastBid Sheet;image/vnd.fastbidsheet;.fbs
International Society for Advancement of Cytometry;application/vnd.isac.fcs;.fcs
Forms Data Format;application/vnd.fdf;.fdf
FCS Express Layout Link;application/vnd.denovo.fcselayout-link;.fe_launch
Fujitsu Oasys;application/vnd.fujitsu.oasysgp;.fg5
FreeHand MX;image/x-freehand;.fh
Xfig;application/x-xfig;.fig
FLI/FLC Animation Format;video/x-fli;.fli
Micrografx;application/vnd.micrografx.flo;.flo
Flash Video;video/x-flv;.flv
KDE KOffice Office Suite - Kivio;application/vnd.kde.kivio;.flw
FLEXSTOR;text/vnd.fmi.flexstor;.flx
mod_fly / fly.cgi;text/vnd.fly;.fly
FrameMaker Normal Format;application/vnd.framemaker;.fm
Frogans Player;application/vnd.frogans.fnc;.fnc
FlashPix;image/vnd.fpx;.fpx
Friendly Software Corporation;application/vnd.fsc.weblaunch;.fsc
FAST Search & Transfer ASA;image/vnd.fst;.fst
FluxTime Clip;application/vnd.fluxtime.clip;.ftc
ANSER-WEB Terminal Client - Web Funds Transfer;application/vnd.anser-web-funds-transfer-initiation;.fti
FAST Search & Transfer ASA;video/vnd.fvt;.fvt
Adobe Flex Project;application/vnd.adobe.fxp;.fxp
FuzzySheet;application/vnd.fuzzysheet;.fzs
GeoplanW;application/vnd.geoplan;.g2w
G3 Fax Image;image/g3fax;.g3
GeospacW;application/vnd.geospace;.g3w
Groove - Account;application/vnd.groove-account;.gac
Geometric Description Language (GDL);model/vnd.gdl;.gdl
DynaGeo;application/vnd.dynageo;.geo
GeoMetry Explorer;application/vnd.geometry-explorer;.gex
GeoGebra;application/vnd.geogebra.file;.ggb
GeoGebra;application/vnd.geogebra.tool;.ggt
Groove - Help;application/vnd.groove-help;.ghf
Graphics Interchange Format;image/gif;.gif
Groove - Identity Message;application/vnd.groove-identity-message;.gim
GameMaker ActiveX;application/vnd.gmx;.gmx
Gnumeric;application/x-gnumeric;.gnumeric
NpGraphIt;application/vnd.flographit;.gph
GrafEq;application/vnd.grafeq;.gqf
Speech Recognition Grammar Specification;application/srgs;.gram
Groove - Injector;application/vnd.groove-injector;.grv
Speech Recognition Grammar Specification - XML;application/srgs+xml;.grxml
Ghostscript Font;application/x-font-ghostscript;.gsf
GNU Tar Files;application/x-gtar;.gtar
Groove - Tool Message;application/vnd.groove-tool-message;.gtm
Gen-Trix Studio;model/vnd.gtw;.gtw
Graphviz;text/vnd.graphviz;.gv
GEONExT and JSXGraph;application/vnd.geonext;.gxt
H.261;video/h261;.h261
H.263;video/h263;.h263
H.264;video/h264;.h264
Hypertext Application Language;application/vnd.hal+xml;.hal
Homebanking Computer Interface (HBCI);application/vnd.hbci;.hbci
Hierarchical Data Format;application/x-hdf;.hdf
WinHelp;application/winhlp;.hlp
HP-GL/2 and HP RTL;application/vnd.hp-hpgl;.hpgl
Hewlett Packard Instant Delivery;application/vnd.hp-hpid;.hpid
Hewlett-Packard's WebPrintSmart;application/vnd.hp-hps;.hps
Macintosh BinHex 4.0;application/mac-binhex40;.hqx
Kenamea App;application/vnd.kenameaapp;.htke
HyperText Markup Language (HTML);text/html;.html
HV Voice Dictionary;application/vnd.yamaha.hv-dic;.hvd
HV Voice Parameter;application/vnd.yamaha.hv-voice;.hvp
HV Script;application/vnd.yamaha.hv-script;.hvs
Interactive Geometry Software;application/vnd.intergeo;.i2g
ICC profile;application/vnd.iccprofile;.icc
CoolTalk;x-conference/x-cooltalk;.ice
Icon Image;image/x-icon;.ico
iCalendar;text/calendar;.ics
Image Exchange Format;image/ief;.ief
Shana Informed Filler;application/vnd.shana.informed.formdata;.ifm
igLoader;application/vnd.igloader;.igl
IOCOM Visimeet;application/vnd.insors.igm;.igm
Initial Graphics Exchange Specification (IGES);model/iges;.igs
Micrografx iGrafx Professional;application/vnd.micrografx.igx;.igx
Shana Informed Filler;application/vnd.shana.informed.interchange;.iif
Simply Accounting - Data Import;application/vnd.accpac.simply.imp;.imp
Microsoft Class Server;application/vnd.ms-ims;.ims
Internet Protocol Flow Information Export;application/ipfix;.ipfix
Shana Informed Filler;application/vnd.shana.informed.package;.ipk
IBM DB2 Rights Manager;application/vnd.ibm.rights-management;.irm
iRepository / Lucidoc Editor;application/vnd.irepository.package+xml;.irp
Shana Informed Filler;application/vnd.shana.informed.formtemplate;.itp
ImmerVision PURE Players;application/vnd.immervision-ivp;.ivp
ImmerVision PURE Players;application/vnd.immervision-ivu;.ivu
J2ME App Descriptor;text/vnd.sun.j2me.app-descriptor;.jad
Lightspeed Audio Lab;application/vnd.jam;.jam
Java Archive;application/java-archive;.jar
Java Source File;text/x-java-source,java;.java
RhymBox;application/vnd.jisp;.jisp
HP Indigo Digital Press - Job Layout Languate;application/vnd.hp-jlyt;.jlt
Java Network Launching Protocol;application/x-java-jnlp-file;.jnlp
Joda Archive;application/vnd.joost.joda-archive;.joda
JPEG Image;image/jpeg;.jpg
JPEG Image;image/jpeg;.jpeg
JPGVideo;video/jpeg;.jpgv
JPEG 2000 Compound Image File Format;video/jpm;.jpm
JavaScript;application/javascript;.js
JavaScript Object Notation (JSON);application/json;.json
KDE KOffice Office Suite - Karbon;application/vnd.kde.karbon;.karbon
KDE KOffice Office Suite - Kformula;application/vnd.kde.kformula;.kfo
Kidspiration;application/vnd.kidspiration;.kia
Google Earth - KML;application/vnd.google-earth.kml+xml;.kml
Google Earth - Zipped KML;application/vnd.google-earth.kmz;.kmz
Kinar Applications;application/vnd.kinar;.kne
KDE KOffice Office Suite - Kontour;application/vnd.kde.kontour;.kon
KDE KOffice Office Suite - Kpresenter;application/vnd.kde.kpresenter;.kpr
KDE KOffice Office Suite - Kspread;application/vnd.kde.kspread;.ksp
OpenGL Textures (KTX);image/ktx;.ktx
Kahootz;application/vnd.kahootz;.ktz
KDE KOffice Office Suite - Kword;application/vnd.kde.kword;.kwd
Laser App Enterprise;application/vnd.las.las+xml;.lasxml
LaTeX;application/x-latex;.latex
Life Balance - Desktop Edition;application/vnd.llamagraphics.life-balance.desktop;.lbd
Life Balance - Exchange Format;application/vnd.llamagraphics.life-balance.exchange+xml;.lbe
Archipelago Lesson Player;application/vnd.hhe.lesson-player;.les
ROUTE 66 Location Based Services;application/vnd.route66.link66+xml;.link66
Microsoft Learning Resource Module;application/vnd.ms-lrm;.lrm
Frogans Player;application/vnd.frogans.ltf;.ltf
Lucent Voice;audio/vnd.lucent.voice;.lvp
Lotus Wordpro;application/vnd.lotus-wordpro;.lwp
MPEG-21;application/mp21;.m21
M3U (Multimedia Playlist);audio/x-mpegurl;.m3u
Multimedia Playlist Unicode;application/vnd.apple.mpegurl;.m3u8
M4v;video/x-m4v;.m4v
Mathematica Notebooks;application/mathematica;.ma
Metadata Authority Description Schema;application/mads+xml;.mads
EcoWin Chart;application/vnd.ecowin.chart;.mag
Mathematical Markup Language;application/mathml+xml;.mathml
Mobius Management Systems - Basket file;application/vnd.mobius.mbk;.mbk
Mbox database files;application/mbox;.mbox
MedCalc;application/vnd.medcalcdata;.mc1
Micro CADAM Helix D&D;application/vnd.mcd;.mcd
Curl - Manifest File;text/vnd.curl.mcurl;.mcurl
Microsoft Access;application/x-msaccess;.mdb
Microsoft Document Imaging Format;image/vnd.ms-modi;.mdi
Metalink;application/metalink4+xml;.meta4
Metadata Encoding and Transmission Standard;application/mets+xml;.mets
Melody Format for Mobile Platform;application/vnd.mfmp;.mfm
MapGuide DBXML;application/vnd.osgeo.mapguide.package;.mgp
EFI Proteus;application/vnd.proteus.magazine;.mgz
MIDI - Musical Instrument Digital Interface;audio/midi;.mid
FrameMaker Interchange Format;application/vnd.mif;.mif
Motion JPEG 2000;video/mj2;.mj2
Dolby Meridian Lossless Packing;application/vnd.dolby.mlp;.mlp
Karaoke on Chipnuts Chipsets;application/vnd.chipnuts.karaoke-mmd;.mmd
SMAF File;application/vnd.smaf;.mmf
EDMICS 2000;image/vnd.fujixerox.edmics-mmr;.mmr
Microsoft Money;application/x-msmoney;.mny
Metadata Object Description Schema;application/mods+xml;.mods
SGI Movie;video/x-sgi-movie;.movie
MPEG-4 Video;video/mp4;.mp4
MPEG-4 Audio;audio/mp4;.mp4a
Mophun Certificate;application/vnd.mophun.certificate;.mpc
MPEG Video;video/mpeg;.mpeg
MPEG Audio;audio/mpeg;.mpga
Apple Installer Package;application/vnd.apple.installer+xml;.mpkg
Blueice Research Multipass;application/vnd.blueice.multipass;.mpm
Mophun VM;application/vnd.mophun.application;.mpn
Microsoft Project;application/vnd.ms-project;.mpp
MiniPay;application/vnd.ibm.minipay;.mpy
Mobius Management Systems - Query File;application/vnd.mobius.mqy;.mqy
MARC Formats;application/marc;.mrc
MARC21 XML Schema;application/marcxml+xml;.mrcx
Media Server Control Markup Language;application/mediaservercontrol+xml;.mscml
3GPP MSEQ File;application/vnd.mseq;.mseq
QUASS Stream Player;application/vnd.epson.msf;.msf
Mesh Data Type;model/mesh;.msh
Mobius Management Systems - Script Language;application/vnd.mobius.msl;.msl
Muvee Automatic Video Editing;application/vnd.muvee.style;.msty
Virtue MTS;model/vnd.mts;.mts
MUsical Score Interpreted Code Invented for the ASCII designation of Notation;application/vnd.musician;.mus
Recordare Applications;application/vnd.recordare.musicxml+xml;.musicxml
Microsoft MediaView;application/x-msmediaview;.mvb
Medical Waveform Encoding Format;application/vnd.mfer;.mwf
Material Exchange Format;application/mxf;.mxf
Recordare Applications;application/vnd.recordare.musicxml;.mxl
MXML;application/xv+xml;.mxml
Triscape Map Explorer;application/vnd.triscape.mxs;.mxs
MPEG Url;video/vnd.mpegurl;.mxu
Notation3;text/n3;.n3
Mathematica Notebook Player;application/vnd.wolfram.player;.nbp
Network Common Data Form (NetCDF);application/x-netcdf;.nc
Navigation Control file for XML (for ePub);application/x-dtbncx+xml;.ncx
N-Gage Game Installer;application/vnd.nokia.n-gage.symbian.install;.n-gage
N-Gage Game Data;application/vnd.nokia.n-gage.data;.ngdat
neuroLanguage;application/vnd.neurolanguage.nlu;.nlu
Enliven Viewer;application/vnd.enliven;.nml
NobleNet Directory;application/vnd.noblenet-directory;.nnd
NobleNet Sealer;application/vnd.noblenet-sealer;.nns
NobleNet Web;application/vnd.noblenet-web;.nnw
FlashPix;image/vnd.net-fpx;.npx
Lotus Notes;application/vnd.lotus-notes;.nsf
Fujitsu Oasys;application/vnd.fujitsu.oasys2;.oa2
Fujitsu Oasys;application/vnd.fujitsu.oasys3;.oa3
Fujitsu Oasys;application/vnd.fujitsu.oasys;.oas
Microsoft Office Binder;application/x-msbinder;.obd
Office Document Architecture;application/oda;.oda
OpenDocument Database;application/vnd.oasis.opendocument.database;.odb
OpenDocument Chart;application/vnd.oasis.opendocument.chart;.odc
OpenDocument Formula;application/vnd.oasis.opendocument.formula;.odf
OpenDocument Formula Template;application/vnd.oasis.opendocument.formula-template;.odft
OpenDocument Graphics;application/vnd.oasis.opendocument.graphics;.odg
OpenDocument Image;application/vnd.oasis.opendocument.image;.odi
OpenDocument Text Master;application/vnd.oasis.opendocument.text-master;.odm
OpenDocument Presentation;application/vnd.oasis.opendocument.presentation;.odp
OpenDocument Spreadsheet;application/vnd.oasis.opendocument.spreadsheet;.ods
OpenDocument Text;application/vnd.oasis.opendocument.text;.odt
Ogg Audio;audio/ogg;.oga
Ogg Video;video/ogg;.ogv
Ogg;application/ogg;.ogx
Microsoft OneNote;application/onenote;.onetoc
Open eBook Publication Structure;application/oebps-package+xml;.opf
Lotus Organizer;application/vnd.lotus-organizer;.org
Open Score Format;application/vnd.yamaha.openscoreformat;.osf
OSFPVG;application/vnd.yamaha.openscoreformat.osfpvg+xml;.osfpvg
OpenDocument Chart Template;application/vnd.oasis.opendocument.chart-template;.otc
OpenType Font File;application/x-font-otf;.otf
OpenDocument Graphics Template;application/vnd.oasis.opendocument.graphics-template;.otg
Open Document Text Web;application/vnd.oasis.opendocument.text-web;.oth
OpenDocument Image Template;application/vnd.oasis.opendocument.image-template;.oti
OpenDocument Presentation Template;application/vnd.oasis.opendocument.presentation-template;.otp
OpenDocument Spreadsheet Template;application/vnd.oasis.opendocument.spreadsheet-template;.ots
OpenDocument Text Template;application/vnd.oasis.opendocument.text-template;.ott
Open Office Extension;application/vnd.openofficeorg.extension;.oxt
Pascal Source File;text/x-pascal;.p
PKCS #10 - Certification Request Standard;application/pkcs10;.p10
PKCS #12 - Personal Information Exchange Syntax Standard;application/x-pkcs12;.p12
PKCS #7 - Cryptographic Message Syntax Standard (Certificates);application/x-pkcs7-certificates;.p7b
PKCS #7 - Cryptographic Message Syntax Standard;application/pkcs7-mime;.p7m
PKCS #7 - Cryptographic Message Syntax Standard (Certificate Request Response);application/x-pkcs7-certreqresp;.p7r
PKCS #7 - Cryptographic Message Syntax Standard;application/pkcs7-signature;.p7s
PKCS #8 - Private-Key Information Syntax Standard;application/pkcs8;.p8
BAS Partitur Format;text/plain-bas;.par
PawaaFILE;application/vnd.pawaafile;.paw
PowerBuilder;application/vnd.powerbuilder6;.pbd
Portable Bitmap Format;image/x-portable-bitmap;.pbm
Portable Compiled Format;application/x-font-pcf;.pcf
HP Printer Command Language;application/vnd.hp-pcl;.pcl
PCL 6 Enhanced (Formely PCL XL);application/vnd.hp-pclxl;.pclxl
CURL Applet;application/vnd.curl.pcurl;.pcurl
PCX Image;image/x-pcx;.pcx
PalmOS Data;application/vnd.palm;.pdb
Adobe Portable Document Format;application/pdf;.pdf
PostScript Fonts;application/x-font-type1;.pfa
Portable Font Resource;application/font-tdpfr;.pfr
Portable Graymap Format;image/x-portable-graymap;.pgm
Portable Game Notation (Chess Games);application/x-chess-pgn;.pgn
Pretty Good Privacy - Signature;application/pgp-signature;.pgp
PICT Image;image/x-pict;.pic
JPEG Image (Progressive);image/pjpeg;.pjpeg
Internet Public Key Infrastructure - Certificate Management Protocole;application/pkixcmp;.pki
Internet Public Key Infrastructure - Certification Path;application/pkix-pkipath;.pkipath
3rd Generation Partnership Project - Pic Large;application/vnd.3gpp.pic-bw-large;.plb
Mobius Management Systems - Policy Definition Language File;application/vnd.mobius.plc;.plc
PocketLearn Viewers;application/vnd.pocketlearn;.plf
Pronunciation Lexicon Specification;application/pls+xml;.pls
PosML;application/vnd.ctc-posml;.pml
Portable Network Graphics (PNG);image/png;.png
Portable Anymap Image;image/x-portable-anymap;.pnm
MacPorts Port System;application/vnd.macports.portpkg;.portpkg
Microsoft PowerPoint - Macro-Enabled Template File;application/vnd.ms-powerpoint.template.macroenabled.12;.potm
Microsoft Office - OOXML - Presentation Template;application/vnd.openxmlformats-officedocument.presentationml.template;.potx
Microsoft PowerPoint - Add-in file;application/vnd.ms-powerpoint.addin.macroenabled.12;.ppam
Adobe PostScript Printer Description File Format;application/vnd.cups-ppd;.ppd
Portable Pixmap Format;image/x-portable-pixmap;.ppm
Microsoft PowerPoint - Macro-Enabled Slide Show File;application/vnd.ms-powerpoint.slideshow.macroenabled.12;.ppsm
Microsoft Office - OOXML - Presentation (Slideshow);application/vnd.openxmlformats-officedocument.presentationml.slideshow;.ppsx
Microsoft PowerPoint;application/vnd.ms-powerpoint;.ppt
Microsoft PowerPoint - Macro-Enabled Presentation File;application/vnd.ms-powerpoint.presentation.macroenabled.12;.pptm
Microsoft Office - OOXML - Presentation;application/vnd.openxmlformats-officedocument.presentationml.presentation;.pptx
Mobipocket;application/x-mobipocket-ebook;.prc
Lotus Freelance;application/vnd.lotus-freelance;.pre
PICSRules;application/pics-rules;.prf
3rd Generation Partnership Project - Pic Small;application/vnd.3gpp.pic-bw-small;.psb
Photoshop Document;image/vnd.adobe.photoshop;.psd
PSF Fonts;application/x-font-linux-psf;.psf
Portable Symmetric Key Container;application/pskc+xml;.pskcxml
Princeton Video Image;application/vnd.pvi.ptid1;.ptid
Microsoft Publisher;application/x-mspublisher;.pub
3rd Generation Partnership Project - Pic Var;application/vnd.3gpp.pic-bw-var;.pvb
3M Post It Notes;application/vnd.3m.post-it-notes;.pwn
Microsoft PlayReady Ecosystem;audio/vnd.ms-playready.media.pya;.pya
Microsoft PlayReady Ecosystem Video;video/vnd.ms-playready.media.pyv;.pyv
QuickAnime Player;application/vnd.epson.quickanime;.qam
Open Financial Exchange;application/vnd.intu.qbo;.qbo
Quicken;application/vnd.intu.qfx;.qfx
PubliShare Objects;application/vnd.publishare-delta-tree;.qps
Quicktime Video;video/quicktime;.qt
QuarkXpress;application/vnd.quark.quarkxpress;.qxd
Real Audio Sound;audio/x-pn-realaudio;.ram
RAR Archive;application/x-rar-compressed;.rar
CMU Image;image/x-cmu-raster;.ras
IP Unplugged Roaming Client;application/vnd.ipunplugged.rcprofile;.rcprofile
Resource Description Framework;application/rdf+xml;.rdf
RemoteDocs R-Viewer;application/vnd.data-vision.rdz;.rdz
BusinessObjects;application/vnd.businessobjects;.rep
Digital Talking Book - Resource File;application/x-dtbresource+xml;.res
Silicon Graphics RGB Bitmap;image/x-rgb;.rgb
IMS Networks;application/reginfo+xml;.rif
Hit'n'Mix;audio/vnd.rip;.rip
XML Resource Lists;application/resource-lists+xml;.rl
EDMICS 2000;image/vnd.fujixerox.edmics-rlc;.rlc
XML Resource Lists Diff;application/resource-lists-diff+xml;.rld
RealMedia;application/vnd.rn-realmedia;.rm
Real Audio Sound;audio/x-pn-realaudio-plugin;.rmp
Mobile Information Device Profile;application/vnd.jcp.javame.midlet-rms;.rms
Relax NG Compact Syntax;application/relax-ng-compact-syntax;.rnc
RetroPlatform Player;application/vnd.cloanto.rp9;.rp9
Nokia Radio Application - Preset;application/vnd.nokia.radio-presets;.rpss
Nokia Radio Application - Preset;application/vnd.nokia.radio-preset;.rpst
SPARQL - Query;application/sparql-query;.rq
XML Resource Lists;application/rls-services+xml;.rs
Really Simple Discovery;application/rsd+xml;.rsd
RSS - Really Simple Syndication;application/rss+xml;.rss
Rich Text Format;application/rtf;.rtf
Rich Text Format (RTF);text/richtext;.rtx
Assembler Source File;text/x-asm;.s
SMAF Audio;application/vnd.yamaha.smaf-audio;.saf
Systems Biology Markup Language;application/sbml+xml;.sbml
IBM Electronic Media Management System - Secure Container;application/vnd.ibm.secure-container;.sc
Microsoft Schedule+;application/x-msschedule;.scd
Lotus Screencam;application/vnd.lotus-screencam;.scm
Server-Based Certificate Validation Protocol - Validation Request;application/scvp-cv-request;.scq
Server-Based Certificate Validation Protocol - Validation Response;application/scvp-cv-response;.scs
Curl - Source Code;text/vnd.curl.scurl;.scurl
StarOffice - Draw;application/vnd.stardivision.draw;.sda
StarOffice - Calc;application/vnd.stardivision.calc;.sdc
StarOffice - Impress;application/vnd.stardivision.impress;.sdd
SudokuMagic;application/vnd.solent.sdkm+xml;.sdkm
Session Description Protocol;application/sdp;.sdp
StarOffice - Writer;application/vnd.stardivision.writer;.sdw
SeeMail;application/vnd.seemail;.see
Digital Siesmograph Networks - SEED Datafiles;application/vnd.fdsn.seed;.seed
Secured eMail;application/vnd.sema;.sema
Secured eMail;application/vnd.semd;.semd
Secured eMail;application/vnd.semf;.semf
Java Serialized Object;application/java-serialized-object;.ser
Secure Electronic Transaction - Payment;application/set-payment-initiation;.setpay
Secure Electronic Transaction - Registration;application/set-registration-initiation;.setreg
Hydrostatix Master Suite;application/vnd.hydrostatix.sof-data;.sfd-hdstx
TIBCO Spotfire;application/vnd.spotfire.sfs;.sfs
StarOffice - Writer (Global);application/vnd.stardivision.writer-global;.sgl
Standard Generalized Markup Language (SGML);text/sgml;.sgml
Bourne Shell Script;application/x-sh;.sh
Shell Archive;application/x-shar;.shar
S Hexdump Format;application/shf+xml;.shf
Symbian Install Package;application/vnd.symbian.install;.sis
Stuffit Archive;application/x-stuffit;.sit
Stuffit Archive;application/x-stuffitx;.sitx
SSEYO Koan Play File;application/vnd.koan;.skp
Microsoft PowerPoint - Macro-Enabled Open XML Slide;application/vnd.ms-powerpoint.slide.macroenabled.12;.sldm
Microsoft Office - OOXML - Presentation (Slide);application/vnd.openxmlformats-officedocument.presentationml.slide;.sldx
SimpleAnimeLite Player;application/vnd.epson.salt;.slt
StepMania;application/vnd.stepmania.stepchart;.sm
StarOffice - Math;application/vnd.stardivision.math;.smf
Synchronized Multimedia Integration Language;application/smil+xml;.smi
Server Normal Format;application/x-font-snf;.snf
SMAF Phrase;application/vnd.yamaha.smaf-phrase;.spf
FutureSplash Animator;application/x-futuresplash;.spl
In3D - 3DML;text/vnd.in3d.spot;.spot
Server-Based Certificate Validation Protocol - Validation Policies - Response;application/scvp-vp-response;.spp
Server-Based Certificate Validation Protocol - Validation Policies - Request;application/scvp-vp-request;.spq
WAIS Source;application/x-wais-source;.src
Search/Retrieve via URL Response Format;application/sru+xml;.sru
SPARQL - Results;application/sparql-results+xml;.srx
Kodak Storyshare;application/vnd.kodak-descriptor;.sse
QUASS Stream Player;application/vnd.epson.ssf;.ssf
Speech Synthesis Markup Language;application/ssml+xml;.ssml
SailingTracker;application/vnd.sailingtracker.track;.st
OpenOffice - Calc Template (Spreadsheet);application/vnd.sun.xml.calc.template;.stc
OpenOffice - Draw Template (Graphics);application/vnd.sun.xml.draw.template;.std
Worldtalk;application/vnd.wt.stf;.stf
OpenOffice - Impress Template (Presentation);application/vnd.sun.xml.impress.template;.sti
Hyperstudio;application/hyperstudio;.stk
Microsoft Trust UI Provider - Certificate Trust Link;application/vnd.ms-pki.stl;.stl
Proprietary P&G Standard Reporting System;application/vnd.pg.format;.str
OpenOffice - Writer Template (Text - HTML);application/vnd.sun.xml.writer.template;.stw
Close Captioning - Subtitle;image/vnd.dvb.subtitle;.sub
ScheduleUs;application/vnd.sus-calendar;.sus
System V Release 4 CPIO Archive;application/x-sv4cpio;.sv4cpio
System V Release 4 CPIO Checksum Data;application/x-sv4crc;.sv4crc
Digital Video Broadcasting;application/vnd.dvb.service;.svc
SourceView Document;application/vnd.svd;.svd
Scalable Vector Graphics (SVG);image/svg+xml;.svg
Adobe Flash;application/x-shockwave-flash;.swf
Arista Networks Software Image;application/vnd.aristanetworks.swi;.swi
OpenOffice - Calc (Spreadsheet);application/vnd.sun.xml.calc;.sxc
OpenOffice - Draw (Graphics);application/vnd.sun.xml.draw;.sxd
OpenOffice - Writer (Text - HTML);application/vnd.sun.xml.writer.global;.sxg
OpenOffice - Impress (Presentation);application/vnd.sun.xml.impress;.sxi
OpenOffice - Math (Formula);application/vnd.sun.xml.math;.sxm
OpenOffice - Writer (Text - HTML);application/vnd.sun.xml.writer;.sxw
troff;text/troff;.t
Tao Intent;application/vnd.tao.intent-module-archive;.tao
Tar File (Tape Archive);application/x-tar;.tar
3rd Generation Partnership Project - Transaction Capabilities Application Part;application/vnd.3gpp2.tcap;.tcap
Tcl Script;application/x-tcl;.tcl
SMART Technologies Apps;application/vnd.smart.teacher;.teacher
Text Encoding and Interchange;application/tei+xml;.tei
TeX;application/x-tex;.tex
GNU Texinfo Document;application/x-texinfo;.texinfo
Sharing Transaction Fraud Data;application/thraud+xml;.tfi
TeX Font Metric;application/x-tex-tfm;.tfm
Microsoft Office System Release Theme;application/vnd.ms-officetheme;.thmx
Tagged Image File Format;image/tiff;.tiff
MobileTV;application/vnd.tmobile-livetv;.tmo
BitTorrent;application/x-bittorrent;.torrent
Groove - Tool Template;application/vnd.groove-tool-template;.tpl
TRI Systems Config;application/vnd.trid.tpt;.tpt
True BASIC;application/vnd.trueapp;.tra
Microsoft Windows Terminal Services;application/x-msterminal;.trm
Time Stamped Data Envelope;application/timestamped-data;.tsd
Tab Seperated Values;text/tab-separated-values;.tsv
TrueType Font;application/x-font-ttf;.ttf
Turtle (Terse RDF Triple Language);text/turtle;.ttl
SimTech MindMapper;application/vnd.simtech-mindmapper;.twd
Genomatix Tuxedo Framework;application/vnd.genomatix.tuxedo;.txd
Mobius Management Systems - Topic Index File;application/vnd.mobius.txf;.txf
Text File;text/plain;.txt
Universal Forms Description Language;application/vnd.ufdl;.ufd
UMAJIN;application/vnd.umajin;.umj
Unity 3d;application/vnd.unity;.unityweb
Unique Object Markup Language;application/vnd.uoml+xml;.uoml
URI Resolution Services;text/uri-list;.uri
Ustar (Uniform Standard Tape Archive);application/x-ustar;.ustar
User Interface Quartz - Theme (Symbian);application/vnd.uiq.theme;.utz
UUEncode;text/x-uuencode;.uu
DECE Audio;audio/vnd.dece.audio;.uva
DECE High Definition Video;video/vnd.dece.hd;.uvh
DECE Graphic;image/vnd.dece.graphic;.uvi
DECE Mobile Video;video/vnd.dece.mobile;.uvm
DECE PD Video;video/vnd.dece.pd;.uvp
DECE SD Video;video/vnd.dece.sd;.uvs
DECE MP4;video/vnd.uvvu.mp4;.uvu
DECE Video;video/vnd.dece.video;.uvv
Video CD;application/x-cdlink;.vcd
vCard;text/x-vcard;.vcf
Groove - Vcard;application/vnd.groove-vcard;.vcg
vCalendar;text/x-vcalendar;.vcs
VirtualCatalog;application/vnd.vcx;.vcx
Visionary;application/vnd.visionary;.vis
Vivo;video/vnd.vivo;.viv
Microsoft Visio;application/vnd.visio;.vsd
Microsoft Visio 2013;application/vnd.visio2013;.vsdx
Viewport+;application/vnd.vsf;.vsf
Virtue VTU;model/vnd.vtu;.vtu
VoiceXML;application/voicexml+xml;.vxml
Doom Video Game;application/x-doom;.wad
Waveform Audio File Format (WAV);audio/x-wav;.wav
Microsoft Windows Media Audio Redirector;audio/x-ms-wax;.wax
WAP Bitamp (WBMP);image/vnd.wap.wbmp;.wbmp
Critical Tools - PERT Chart EXPERT;application/vnd.criticaltools.wbs+xml;.wbs
WAP Binary XML (WBXML);application/vnd.wap.wbxml;.wbxml
Open Web Media Project - Audio;audio/webm;.weba
Open Web Media Project - Video;video/webm;.webm
WebP Image;image/webp;.webp
Qualcomm's Plaza Mobile Internet;application/vnd.pmi.widget;.wg
Widget Packaging and XML Configuration;application/widget;.wgt
Microsoft Windows Media;video/x-ms-wm;.wm
Microsoft Windows Media Audio;audio/x-ms-wma;.wma
Microsoft Windows Media Player Download Package;application/x-ms-wmd;.wmd
Microsoft Windows Metafile;application/x-msmetafile;.wmf
Wireless Markup Language (WML);text/vnd.wap.wml;.wml
Compiled Wireless Markup Language (WMLC);application/vnd.wap.wmlc;.wmlc
Wireless Markup Language Script (WMLScript);text/vnd.wap.wmlscript;.wmls
WMLScript;application/vnd.wap.wmlscriptc;.wmlsc
Microsoft Windows Media Video;video/x-ms-wmv;.wmv
Microsoft Windows Media Audio/Video Playlist;video/x-ms-wmx;.wmx
Microsoft Windows Media Player Skin Package;application/x-ms-wmz;.wmz
Web Open Font Format;application/x-font-woff;.woff
Wordperfect;application/vnd.wordperfect;.wpd
Microsoft Windows Media Player Playlist;application/vnd.ms-wpl;.wpl
Microsoft Works;application/vnd.ms-works;.wps
SundaHus WQ;application/vnd.wqd;.wqd
Microsoft Wordpad;application/x-mswrite;.wri
Virtual Reality Modeling Language;model/vrml;.wrl
WSDL - Web Services Description Language;application/wsdl+xml;.wsdl
Web Services Policy;application/wspolicy+xml;.wspolicy
WebTurbo;application/vnd.webturbo;.wtb
Microsoft Windows Media Video Playlist;video/x-ms-wvx;.wvx
3D Crossword Plugin;application/vnd.hzn-3d-crossword;.x3d
Microsoft Silverlight;application/x-silverlight-app;.xap
CorelXARA;application/vnd.xara;.xar
Microsoft XAML Browser Application;application/x-ms-xbap;.xbap
Fujitsu - Xerox DocuWorks Binder;application/vnd.fujixerox.docuworks.binder;.xbd
X BitMap;image/x-xbitmap;.xbm
XML Configuration Access Protocol - XCAP Diff;application/xcap-diff+xml;.xdf
SyncML - Device Management;application/vnd.syncml.dm+xml;.xdm
Adobe XML Data Package;application/vnd.adobe.xdp+xml;.xdp
Data Structure for the Security Suitability of Cryptographic Algorithms;application/dssc+xml;.xdssc
Fujitsu - Xerox DocuWorks;application/vnd.fujixerox.docuworks;.xdw
XML Encryption Syntax and Processing;application/xenc+xml;.xenc
XML Patch Framework;application/patch-ops-error+xml;.xer
Adobe XML Forms Data Format;application/vnd.adobe.xfdf;.xfdf
Extensible Forms Description Language;application/vnd.xfdl;.xfdl
XHTML - The Extensible HyperText Markup Language;application/xhtml+xml;.xhtml
eXtended Image File Format (XIFF);image/vnd.xiff;.xif
Microsoft Excel - Add-In File;application/vnd.ms-excel.addin.macroenabled.12;.xlam
Microsoft Excel;application/vnd.ms-excel;.xls
Microsoft Excel - Binary Workbook;application/vnd.ms-excel.sheet.binary.macroenabled.12;.xlsb
Microsoft Excel - Macro-Enabled Workbook;application/vnd.ms-excel.sheet.macroenabled.12;.xlsm
Microsoft Office - OOXML - Spreadsheet;application/vnd.openxmlformats-officedocument.spreadsheetml.sheet;.xlsx
Microsoft Excel - Macro-Enabled Template File;application/vnd.ms-excel.template.macroenabled.12;.xltm
Microsoft Office - OOXML - Spreadsheet Template;application/vnd.openxmlformats-officedocument.spreadsheetml.template;.xltx
XML - Extensible Markup Language;application/xml;.xml
Sugar Linux Application Bundle;application/vnd.olpc-sugar;.xo
XML-Binary Optimized Packaging;application/xop+xml;.xop
XPInstall - Mozilla;application/x-xpinstall;.xpi
X PixMap;image/x-xpixmap;.xpm
Express by Infoseek;application/vnd.is-xpr;.xpr
Microsoft XML Paper Specification;application/vnd.ms-xpsdocument;.xps
Intercon FormNet;application/vnd.intercon.formnet;.xpw
XML Transformations;application/xslt+xml;.xslt
SyncML;application/vnd.syncml+xml;.xsm
XSPF - XML Shareable Playlist Format;application/xspf+xml;.xspf
XUL - XML User Interface Language;application/vnd.mozilla.xul+xml;.xul
X Window Dump;image/x-xwindowdump;.xwd
XYZ File Format;chemical/x-xyz;.xyz
YAML Ain't Markup Language / Yet Another Markup Language;text/yaml;.yaml
YANG Data Modeling Language;application/yang;.yang
YIN (YANG - XML);application/yin+xml;.yin
Zzazz Deck;application/vnd.zzazz.deck+xml;.zaz
Zip Archive;application/zip;.zip
Z.U.L. Geometry;application/vnd.zul;.zir
ZVUE Media Manager;application/vnd.handheld-entertainment+xml;.zmm
Andrew Toolkit;application/andrew-inset;N/A
